county,totalcountconfirmed,totalcountdeaths,newcountconfirmed,newcountdeaths,date
Santa Barbara,2.0,0.0,2,0,2020-03-18
Santa Barbara,5.0,0.0,3,0,2020-03-19
Santa Barbara,7.0,0.0,2,0,2020-03-20
Santa Barbara,8.0,0.0,1,0,2020-03-21
Santa Barbara,16.0,0.0,8,0,2020-03-22
Santa Barbara,18.0,0.0,2,0,2020-03-23
Santa Barbara,20.0,0.0,2,0,2020-03-24
Santa Barbara,25.0,0.0,5,0,2020-03-25
Santa Barbara,33.0,0.0,8,0,2020-03-26
Santa Barbara,37.0,0.0,4,0,2020-03-27
Santa Barbara,49.0,0.0,12,0,2020-03-28
Santa Barbara,52.0,0.0,3,0,2020-03-29
Santa Barbara,79.0,0.0,27,0,2020-03-30
Santa Barbara,89.0,0.0,10,0,2020-03-31
Santa Barbara,103.0,0.0,14,0,2020-04-01
Santa Barbara,125.0,1.0,22,1,2020-04-02
Santa Barbara,154.0,1.0,29,0,2020-04-03
Santa Barbara,167.0,1.0,13,0,2020-04-04
Santa Barbara,171.0,1.0,4,0,2020-04-05
Santa Barbara,189.0,2.0,18,1,2020-04-06
Santa Barbara,209.0,2.0,20,0,2020-04-07
Santa Barbara,221.0,2.0,12,0,2020-04-08
Santa Barbara,232.0,2.0,11,0,2020-04-09
Santa Barbara,254.0,2.0,22,0,2020-04-10
Santa Barbara,258.0,2.0,4,0,2020-04-11
Santa Barbara,261.0,2.0,3,0,2020-04-12
Santa Barbara,271.0,2.0,10,0,2020-04-13
Santa Barbara,292.0,2.0,21,0,2020-04-14
Santa Barbara,317.0,2.0,25,0,2020-04-15
Santa Barbara,331.0,2.0,14,0,2020-04-16
Santa Barbara,349.0,3.0,18,1,2020-04-17
Santa Barbara,372.0,4.0,23,1,2020-04-18
Santa Barbara,377.0,4.0,5,0,2020-04-19
Santa Barbara,388.0,4.0,11,0,2020-04-20
Santa Barbara,414.0,5.0,26,1,2020-04-21
Santa Barbara,437.0,5.0,23,0,2020-04-22
Santa Barbara,445.0,5.0,8,0,2020-04-23
Santa Barbara,450.0,6.0,5,1,2020-04-24
Santa Barbara,457.0,7.0,7,1,2020-04-25
Santa Barbara,464.0,7.0,7,0,2020-04-26
Santa Barbara,466.0,7.0,2,0,2020-04-27
Santa Barbara,469.0,7.0,3,0,2020-04-28
Santa Barbara,477.0,8.0,8,1,2020-04-29
Santa Barbara,490.0,8.0,13,0,2020-04-30
Santa Barbara,499.0,8.0,9,0,2020-05-01
Santa Barbara,506.0,8.0,7,0,2020-05-02
Santa Barbara,512.0,8.0,6,0,2020-05-03
Santa Barbara,524.0,9.0,12,1,2020-05-04
Santa Barbara,541.0,10.0,17,1,2020-05-05
Santa Barbara,565.0,11.0,24,1,2020-05-06
Santa Barbara,720.0,11.0,155,0,2020-05-07
Santa Barbara,1054.0,11.0,334,0,2020-05-08
Santa Barbara,1245.0,11.0,191,0,2020-05-09
Santa Barbara,1323.0,11.0,78,0,2020-05-10
Santa Barbara,1372.0,11.0,49,0,2020-05-11
Santa Barbara,1377.0,11.0,5,0,2020-05-12
Santa Barbara,1382.0,11.0,5,0,2020-05-13
Santa Barbara,1395.0,11.0,13,0,2020-05-14
Santa Barbara,1409.0,11.0,14,0,2020-05-15
Santa Barbara,1422.0,11.0,13,0,2020-05-16
Santa Barbara,1457.0,11.0,35,0,2020-05-17
Santa Barbara,1501.0,11.0,44,0,2020-05-18
Santa Barbara,1521.0,11.0,20,0,2020-05-19
Santa Barbara,1524.0,11.0,3,0,2020-05-20
Santa Barbara,1541.0,11.0,17,0,2020-05-21
Santa Barbara,1554.0,12.0,13,1,2020-05-22
Santa Barbara,1566.0,12.0,12,0,2020-05-23
Santa Barbara,1573.0,12.0,7,0,2020-05-24
Santa Barbara,1590.0,12.0,17,0,2020-05-25
Santa Barbara,1590.0,12.0,0,0,2020-05-26
Santa Barbara,1629.0,12.0,39,0,2020-05-27
Santa Barbara,1642.0,12.0,13,0,2020-05-28
Santa Barbara,1656.0,12.0,14,0,2020-05-29
Santa Barbara,1660.0,12.0,4,0,2020-05-30
Santa Barbara,1662.0,12.0,2,0,2020-05-31
Santa Barbara,1671.0,12.0,9,0,2020-06-01
Santa Barbara,1703.0,14.0,32,2,2020-06-02
Santa Barbara,1722.0,14.0,19,0,2020-06-03
Santa Barbara,1750.0,14.0,28,0,2020-06-04
Santa Barbara,1795.0,15.0,45,1,2020-06-05
Santa Barbara,1815.0,15.0,20,0,2020-06-06
Santa Barbara,1818.0,15.0,3,0,2020-06-07
Santa Barbara,1824.0,15.0,6,0,2020-06-08
Santa Barbara,1854.0,15.0,30,0,2020-06-09
Santa Barbara,1878.0,16.0,24,1,2020-06-10
Santa Barbara,1895.0,16.0,17,0,2020-06-11
Santa Barbara,1969.0,16.0,74,0,2020-06-12
Santa Barbara,1999.0,18.0,30,2,2020-06-13
Santa Barbara,2049.0,18.0,50,0,2020-06-14
Santa Barbara,2054.0,18.0,5,0,2020-06-15
Santa Barbara,2090.0,21.0,36,3,2020-06-16
Santa Barbara,2147.0,22.0,57,1,2020-06-17
Santa Barbara,2201.0,22.0,54,0,2020-06-18
Santa Barbara,2284.0,22.0,83,0,2020-06-19
Santa Barbara,2358.0,22.0,74,0,2020-06-20
Santa Barbara,2430.0,22.0,72,0,2020-06-21
Santa Barbara,2447.0,27.0,17,5,2020-06-22
Santa Barbara,2498.0,27.0,51,0,2020-06-23
Santa Barbara,2569.0,27.0,71,0,2020-06-24
Santa Barbara,2633.0,28.0,64,1,2020-06-25
Santa Barbara,2802.0,28.0,169,0,2020-06-26
Santa Barbara,2857.0,28.0,55,0,2020-06-27
Santa Barbara,2945.0,28.0,88,0,2020-06-28
Santa Barbara,3092.0,29.0,147,1,2020-06-29
Santa Barbara,3210.0,29.0,118,0,2020-06-30
Santa Barbara,3286.0,29.0,76,0,2020-07-01
Santa Barbara,3385.0,29.0,99,0,2020-07-02
Santa Barbara,3406.0,29.0,21,0,2020-07-03
Santa Barbara,3520.0,29.0,114,0,2020-07-04
Santa Barbara,3671.0,29.0,151,0,2020-07-05
Santa Barbara,3763.0,29.0,92,0,2020-07-06
Santa Barbara,3866.0,30.0,103,1,2020-07-07
Santa Barbara,3985.0,29.0,119,-1,2020-07-08
Santa Barbara,4068.0,29.0,83,0,2020-07-09
Santa Barbara,4177.0,31.0,109,2,2020-07-10
Santa Barbara,4283.0,31.0,106,0,2020-07-11
Santa Barbara,4353.0,31.0,70,0,2020-07-12
Santa Barbara,4441.0,31.0,88,0,2020-07-13
Santa Barbara,4641.0,31.0,200,0,2020-07-14
Santa Barbara,4733.0,31.0,92,0,2020-07-15
Santa Barbara,4872.0,32.0,139,1,2020-07-16
Santa Barbara,5001.0,32.0,129,0,2020-07-17
Orange,38.0,0.0,38,0,2020-03-18
Orange,59.0,0.0,21,0,2020-03-19
Orange,71.0,0.0,12,0,2020-03-20
Orange,85.0,0.0,14,0,2020-03-21
Orange,102.0,0.0,17,0,2020-03-22
Orange,138.0,0.0,36,0,2020-03-23
Orange,166.0,0.0,28,0,2020-03-24
Orange,214.0,1.0,48,1,2020-03-25
Orange,279.0,1.0,65,0,2020-03-26
Orange,299.0,2.0,20,1,2020-03-27
Orange,328.0,2.0,29,0,2020-03-28
Orange,343.0,2.0,15,0,2020-03-29
Orange,418.0,5.0,75,3,2020-03-30
Orange,506.0,7.0,88,2,2020-03-31
Orange,579.0,11.0,73,4,2020-04-01
Orange,640.0,12.0,61,1,2020-04-02
Orange,713.0,13.0,73,1,2020-04-03
Orange,781.0,15.0,68,2,2020-04-04
Orange,820.0,15.0,39,0,2020-04-05
Orange,910.0,17.0,90,2,2020-04-06
Orange,971.0,19.0,61,2,2020-04-07
Orange,1034.0,19.0,63,0,2020-04-08
Orange,1105.0,19.0,71,0,2020-04-09
Orange,1167.0,17.0,62,-2,2020-04-10
Orange,1267.0,21.0,100,4,2020-04-11
Orange,1283.0,21.0,16,0,2020-04-12
Orange,1313.0,21.0,30,0,2020-04-13
Orange,1362.0,21.0,49,0,2020-04-14
Orange,1377.0,22.0,15,1,2020-04-15
Orange,1439.0,26.0,62,4,2020-04-16
Orange,1496.0,28.0,57,2,2020-04-17
Orange,1569.0,32.0,73,4,2020-04-18
Orange,1591.0,32.0,22,0,2020-04-19
Orange,1679.0,33.0,88,1,2020-04-20
Orange,1717.0,33.0,38,0,2020-04-21
Orange,1785.0,34.0,68,1,2020-04-22
Orange,1841.0,36.0,56,2,2020-04-23
Orange,1945.0,39.0,104,3,2020-04-24
Orange,2047.0,39.0,102,0,2020-04-25
Orange,2124.0,40.0,77,1,2020-04-26
Orange,2198.0,42.0,74,2,2020-04-27
Orange,2324.0,42.0,126,0,2020-04-28
Orange,2421.0,44.0,97,2,2020-04-29
Orange,2591.0,46.0,170,2,2020-04-30
Orange,2660.0,51.0,69,5,2020-05-01
Orange,2774.0,52.0,114,1,2020-05-02
Orange,2859.0,55.0,85,3,2020-05-03
Orange,2931.0,57.0,72,2,2020-05-04
Orange,3041.0,61.0,110,4,2020-05-05
Orange,3156.0,65.0,115,4,2020-05-06
Orange,3283.0,66.0,127,1,2020-05-07
Orange,3395.0,72.0,112,6,2020-05-08
Orange,3506.0,75.0,111,3,2020-05-09
Orange,3627.0,76.0,121,1,2020-05-10
Orange,3699.0,78.0,72,2,2020-05-11
Orange,3843.0,78.0,144,0,2020-05-12
Orange,4025.0,80.0,182,2,2020-05-13
Orange,4163.0,80.0,138,0,2020-05-14
Orange,4281.0,84.0,118,4,2020-05-15
Orange,4396.0,87.0,115,3,2020-05-16
Orange,4466.0,88.0,70,1,2020-05-17
Orange,4558.0,88.0,92,0,2020-05-18
Orange,4746.0,88.0,188,0,2020-05-19
Orange,4866.0,98.0,120,10,2020-05-20
Orange,4975.0,112.0,109,14,2020-05-21
Orange,5144.0,118.0,169,6,2020-05-22
Orange,5313.0,130.0,169,12,2020-05-23
Orange,5439.0,131.0,126,1,2020-05-24
Orange,5601.0,131.0,162,0,2020-05-25
Orange,5651.0,131.0,50,0,2020-05-26
Orange,5849.0,136.0,198,5,2020-05-27
Orange,6045.0,142.0,196,6,2020-05-28
Orange,6176.0,145.0,131,3,2020-05-29
Orange,6354.0,146.0,178,1,2020-05-30
Orange,6532.0,147.0,178,1,2020-05-31
Orange,6640.0,147.0,108,0,2020-06-01
Orange,6790.0,150.0,150,3,2020-06-02
Orange,6939.0,158.0,149,8,2020-06-03
Orange,7192.0,165.0,253,7,2020-06-04
Orange,7391.0,174.0,199,9,2020-06-05
Orange,7576.0,176.0,185,2,2020-06-06
Orange,7643.0,177.0,67,1,2020-06-07
Orange,7786.0,177.0,143,0,2020-06-08
Orange,7991.0,185.0,205,8,2020-06-09
Orange,8222.0,198.0,231,13,2020-06-10
Orange,8304.0,202.0,82,4,2020-06-11
Orange,8440.0,210.0,136,8,2020-06-12
Orange,8581.0,217.0,141,7,2020-06-13
Orange,8744.0,221.0,163,4,2020-06-14
Orange,8944.0,221.0,200,0,2020-06-15
Orange,9163.0,233.0,219,12,2020-06-16
Orange,9278.0,244.0,115,11,2020-06-17
Orange,9597.0,250.0,319,6,2020-06-18
Orange,9972.0,257.0,375,7,2020-06-19
Orange,10284.0,267.0,312,10,2020-06-20
Orange,10563.0,269.0,279,2,2020-06-21
Orange,10711.0,275.0,148,6,2020-06-22
Orange,11071.0,275.0,360,0,2020-06-23
Orange,11804.0,299.0,733,24,2020-06-24
Orange,12302.0,306.0,498,7,2020-06-25
Orange,12768.0,323.0,466,17,2020-06-26
Orange,13091.0,323.0,323,0,2020-06-27
Orange,13589.0,326.0,498,3,2020-06-28
Orange,14552.0,330.0,963,4,2020-06-29
Orange,15201.0,340.0,649,10,2020-06-30
Orange,17035.0,345.0,1834,5,2020-07-01
Orange,17056.0,354.0,21,9,2020-07-02
Orange,18819.0,360.0,1763,6,2020-07-03
Orange,19247.0,363.0,428,3,2020-07-04
Orange,19430.0,366.0,183,3,2020-07-05
Orange,20167.0,366.0,737,0,2020-07-06
Orange,21741.0,369.0,1574,3,2020-07-07
Orange,22088.0,376.0,347,7,2020-07-08
Orange,22960.0,402.0,872,26,2020-07-09
Orange,23692.0,412.0,732,10,2020-07-10
Orange,24430.0,421.0,738,9,2020-07-11
Orange,25399.0,423.0,969,2,2020-07-12
Orange,25978.0,424.0,579,1,2020-07-13
Orange,26915.0,433.0,937,9,2020-07-14
Orange,27718.0,455.0,803,22,2020-07-15
Orange,28525.0,466.0,807,11,2020-07-16
Orange,28962.0,469.0,437,3,2020-07-17
Ventura,11.0,0.0,11,0,2020-03-18
Ventura,15.0,0.0,4,0,2020-03-19
Ventura,18.0,0.0,3,0,2020-03-20
Ventura,22.0,0.0,4,0,2020-03-21
Ventura,26.0,0.0,4,0,2020-03-22
Ventura,30.0,0.0,4,0,2020-03-23
Ventura,44.0,1.0,14,1,2020-03-24
Ventura,53.0,1.0,9,0,2020-03-25
Ventura,70.0,1.0,17,0,2020-03-26
Ventura,80.0,2.0,10,1,2020-03-27
Ventura,89.0,2.0,9,0,2020-03-28
Ventura,92.0,2.0,3,0,2020-03-29
Ventura,118.0,2.0,26,0,2020-03-30
Ventura,143.0,4.0,25,2,2020-03-31
Ventura,154.0,5.0,11,1,2020-04-01
Ventura,178.0,5.0,24,0,2020-04-02
Ventura,186.0,6.0,8,1,2020-04-03
Ventura,194.0,6.0,8,0,2020-04-04
Ventura,196.0,6.0,2,0,2020-04-05
Ventura,234.0,6.0,38,0,2020-04-06
Ventura,247.0,6.0,13,0,2020-04-07
Ventura,263.0,7.0,16,1,2020-04-08
Ventura,273.0,9.0,10,2,2020-04-09
Ventura,290.0,9.0,17,0,2020-04-10
Ventura,304.0,9.0,14,0,2020-04-11
Ventura,306.0,9.0,2,0,2020-04-12
Ventura,311.0,9.0,5,0,2020-04-13
Ventura,328.0,10.0,17,1,2020-04-14
Ventura,365.0,13.0,37,3,2020-04-15
Ventura,384.0,13.0,19,0,2020-04-16
Ventura,398.0,13.0,14,0,2020-04-17
Ventura,416.0,13.0,18,0,2020-04-18
Ventura,418.0,13.0,2,0,2020-04-19
Ventura,426.0,13.0,8,0,2020-04-20
Ventura,455.0,13.0,29,0,2020-04-21
Ventura,465.0,14.0,10,1,2020-04-22
Ventura,479.0,16.0,14,2,2020-04-23
Ventura,489.0,16.0,10,0,2020-04-24
Ventura,494.0,16.0,5,0,2020-04-25
Ventura,509.0,17.0,15,1,2020-04-26
Ventura,513.0,17.0,4,0,2020-04-27
Ventura,517.0,17.0,4,0,2020-04-28
Ventura,530.0,18.0,13,1,2020-04-29
Ventura,547.0,18.0,17,0,2020-04-30
Ventura,556.0,18.0,9,0,2020-05-01
Ventura,564.0,19.0,8,1,2020-05-02
Ventura,583.0,19.0,19,0,2020-05-03
Ventura,590.0,19.0,7,0,2020-05-04
Ventura,607.0,19.0,17,0,2020-05-05
Ventura,619.0,19.0,12,0,2020-05-06
Ventura,647.0,19.0,28,0,2020-05-07
Ventura,665.0,19.0,18,0,2020-05-08
Ventura,679.0,19.0,14,0,2020-05-09
Ventura,690.0,19.0,11,0,2020-05-10
Ventura,698.0,19.0,8,0,2020-05-11
Ventura,718.0,19.0,20,0,2020-05-12
Ventura,742.0,24.0,24,5,2020-05-13
Ventura,760.0,25.0,18,1,2020-05-14
Ventura,789.0,25.0,29,0,2020-05-15
Ventura,813.0,25.0,24,0,2020-05-16
Ventura,838.0,25.0,25,0,2020-05-17
Ventura,850.0,27.0,12,2,2020-05-18
Ventura,861.0,28.0,11,1,2020-05-19
Ventura,879.0,28.0,18,0,2020-05-20
Ventura,907.0,29.0,28,1,2020-05-21
Ventura,937.0,30.0,30,1,2020-05-22
Ventura,961.0,30.0,24,0,2020-05-23
Ventura,982.0,30.0,21,0,2020-05-24
Ventura,1020.0,30.0,38,0,2020-05-25
Ventura,1033.0,30.0,13,0,2020-05-26
Ventura,1065.0,32.0,32,2,2020-05-27
Ventura,1083.0,32.0,18,0,2020-05-28
Ventura,1093.0,32.0,10,0,2020-05-29
Ventura,1116.0,33.0,23,1,2020-05-30
Ventura,1151.0,33.0,35,0,2020-05-31
Ventura,1163.0,34.0,12,1,2020-06-01
Ventura,1178.0,34.0,15,0,2020-06-02
Ventura,1202.0,34.0,24,0,2020-06-03
Ventura,1236.0,35.0,34,1,2020-06-04
Ventura,1274.0,35.0,38,0,2020-06-05
Ventura,1303.0,35.0,29,0,2020-06-06
Ventura,1337.0,35.0,34,0,2020-06-07
Ventura,1382.0,35.0,45,0,2020-06-08
Ventura,1407.0,35.0,25,0,2020-06-09
Ventura,1446.0,38.0,39,3,2020-06-10
Ventura,1491.0,38.0,45,0,2020-06-11
Ventura,1534.0,40.0,43,2,2020-06-12
Ventura,1567.0,40.0,33,0,2020-06-13
Ventura,1610.0,40.0,43,0,2020-06-14
Ventura,1656.0,41.0,46,1,2020-06-15
Ventura,1676.0,41.0,20,0,2020-06-16
Ventura,1729.0,41.0,53,0,2020-06-17
Ventura,1781.0,41.0,52,0,2020-06-18
Ventura,1865.0,42.0,84,1,2020-06-19
Ventura,1946.0,42.0,81,0,2020-06-20
Ventura,2021.0,42.0,75,0,2020-06-21
Ventura,2065.0,43.0,44,1,2020-06-22
Ventura,2209.0,43.0,144,0,2020-06-23
Ventura,2314.0,44.0,105,1,2020-06-24
Ventura,2360.0,44.0,46,0,2020-06-25
Ventura,2467.0,44.0,107,0,2020-06-26
Ventura,2561.0,44.0,94,0,2020-06-27
Ventura,2747.0,44.0,186,0,2020-06-28
Ventura,3002.0,45.0,255,1,2020-06-29
Ventura,3156.0,46.0,154,1,2020-06-30
Ventura,3230.0,46.0,74,0,2020-07-01
Ventura,3394.0,47.0,164,1,2020-07-02
Ventura,3536.0,47.0,142,0,2020-07-03
Ventura,3687.0,47.0,151,0,2020-07-04
Ventura,3866.0,47.0,179,0,2020-07-05
Ventura,3912.0,50.0,46,3,2020-07-06
Ventura,3992.0,50.0,80,0,2020-07-07
Ventura,4139.0,50.0,147,0,2020-07-08
Ventura,4278.0,53.0,139,3,2020-07-09
Ventura,4416.0,53.0,138,0,2020-07-10
Ventura,4545.0,53.0,129,0,2020-07-11
Ventura,4724.0,53.0,179,0,2020-07-12
Ventura,4800.0,53.0,76,0,2020-07-13
Ventura,4950.0,53.0,150,0,2020-07-14
Ventura,5087.0,53.0,137,0,2020-07-15
Ventura,5231.0,56.0,144,3,2020-07-16
Ventura,5451.0,56.0,220,0,2020-07-17
San Diego,40.0,0.0,40,0,2020-03-18
San Diego,68.0,0.0,28,0,2020-03-19
San Diego,98.0,0.0,30,0,2020-03-20
San Diego,119.0,0.0,21,0,2020-03-21
San Diego,159.0,0.0,40,0,2020-03-22
San Diego,176.0,1.0,17,1,2020-03-23
San Diego,229.0,2.0,53,1,2020-03-24
San Diego,236.0,2.0,7,0,2020-03-25
San Diego,297.0,2.0,61,0,2020-03-26
San Diego,419.0,5.0,122,3,2020-03-27
San Diego,490.0,7.0,71,2,2020-03-28
San Diego,521.0,7.0,31,0,2020-03-29
San Diego,605.0,7.0,84,0,2020-03-30
San Diego,736.0,9.0,131,2,2020-03-31
San Diego,851.0,11.0,115,2,2020-04-01
San Diego,968.0,16.0,117,5,2020-04-02
San Diego,1114.0,17.0,146,1,2020-04-03
San Diego,1211.0,18.0,97,1,2020-04-04
San Diego,1328.0,19.0,117,1,2020-04-05
San Diego,1406.0,19.0,78,0,2020-04-06
San Diego,1456.0,31.0,50,12,2020-04-07
San Diego,1532.0,36.0,76,5,2020-04-08
San Diego,1630.0,40.0,98,4,2020-04-09
San Diego,1695.0,54.0,65,14,2020-04-10
San Diego,1763.0,54.0,68,0,2020-04-11
San Diego,1806.0,55.0,43,1,2020-04-12
San Diego,1849.0,66.0,43,11,2020-04-13
San Diego,1932.0,67.0,83,1,2020-04-14
San Diego,2014.0,67.0,82,0,2020-04-15
San Diego,2089.0,77.0,75,10,2020-04-16
San Diego,2160.0,83.0,71,6,2020-04-17
San Diego,2215.0,83.0,55,0,2020-04-18
San Diego,2270.0,83.0,55,0,2020-04-19
San Diego,2327.0,102.0,57,19,2020-04-20
San Diego,2436.0,109.0,109,7,2020-04-21
San Diego,2493.0,112.0,57,3,2020-04-22
San Diego,2645.0,112.0,152,0,2020-04-23
San Diego,2828.0,119.0,183,7,2020-04-24
San Diego,2945.0,119.0,117,0,2020-04-25
San Diego,3045.0,123.0,100,4,2020-04-26
San Diego,3143.0,128.0,98,5,2020-04-27
San Diego,3316.0,133.0,173,5,2020-04-28
San Diego,3434.0,140.0,118,7,2020-04-29
San Diego,3566.0,143.0,132,3,2020-04-30
San Diego,3713.0,150.0,147,7,2020-05-01
San Diego,3844.0,150.0,131,0,2020-05-02
San Diego,3929.0,150.0,85,0,2020-05-03
San Diego,4022.0,162.0,93,12,2020-05-04
San Diego,4162.0,173.0,140,11,2020-05-05
San Diego,4321.0,186.0,159,13,2020-05-06
San Diego,4431.0,189.0,110,3,2020-05-07
San Diego,4664.0,194.0,233,5,2020-05-08
San Diego,4778.0,194.0,114,0,2020-05-09
San Diego,4928.0,194.0,150,0,2020-05-10
San Diego,5067.0,204.0,139,10,2020-05-11
San Diego,5163.0,217.0,96,13,2020-05-12
San Diego,5280.0,223.0,117,6,2020-05-13
San Diego,5393.0,231.0,113,8,2020-05-14
San Diego,5525.0,235.0,132,4,2020-05-15
San Diego,5664.0,235.0,139,0,2020-05-16
San Diego,5838.0,242.0,174,7,2020-05-17
San Diego,5948.0,242.0,110,0,2020-05-18
San Diego,6028.0,242.0,80,0,2020-05-19
San Diego,6142.0,262.0,114,20,2020-05-20
San Diego,6317.0,262.0,175,0,2020-05-21
San Diego,6436.0,271.0,119,9,2020-05-22
San Diego,6561.0,275.0,125,4,2020-05-23
San Diego,6703.0,275.0,142,0,2020-05-24
San Diego,6799.0,275.0,96,0,2020-05-25
San Diego,6884.0,290.0,85,15,2020-05-26
San Diego,6985.0,297.0,101,7,2020-05-27
San Diego,7102.0,307.0,117,10,2020-05-28
San Diego,7242.0,312.0,140,5,2020-05-29
San Diego,7387.0,312.0,145,0,2020-05-30
San Diego,7483.0,312.0,96,0,2020-05-31
San Diego,7556.0,312.0,73,0,2020-06-01
San Diego,7676.0,312.0,120,0,2020-06-02
San Diego,7800.0,312.0,124,0,2020-06-03
San Diego,7942.0,312.0,142,0,2020-06-04
San Diego,8182.0,312.0,240,0,2020-06-05
San Diego,8347.0,312.0,165,0,2020-06-06
San Diego,8478.0,312.0,131,0,2020-06-07
San Diego,8621.0,312.0,143,0,2020-06-08
San Diego,8731.0,312.0,110,0,2020-06-09
San Diego,8839.0,312.0,108,0,2020-06-10
San Diego,9000.0,312.0,161,0,2020-06-11
San Diego,9132.0,312.0,132,0,2020-06-12
San Diego,9316.0,320.0,184,8,2020-06-13
San Diego,9442.0,320.0,126,0,2020-06-14
San Diego,9612.0,320.0,170,0,2020-06-15
San Diego,9732.0,323.0,120,3,2020-06-16
San Diego,9856.0,327.0,124,4,2020-06-17
San Diego,10094.0,331.0,238,4,2020-06-18
San Diego,10352.0,332.0,258,1,2020-06-19
San Diego,10486.0,338.0,134,6,2020-06-20
San Diego,10796.0,338.0,310,0,2020-06-21
San Diego,11098.0,338.0,302,0,2020-06-22
San Diego,11296.0,338.0,198,0,2020-06-23
San Diego,11628.0,347.0,332,9,2020-06-24
San Diego,11963.0,352.0,335,5,2020-06-25
San Diego,12402.0,358.0,439,6,2020-06-26
San Diego,12836.0,360.0,434,2,2020-06-27
San Diego,13333.0,361.0,497,1,2020-06-28
San Diego,13834.0,361.0,501,0,2020-06-29
San Diego,14150.0,365.0,316,4,2020-06-30
San Diego,14626.0,372.0,476,7,2020-07-01
San Diego,15208.0,377.0,582,5,2020-07-02
San Diego,15698.0,387.0,490,10,2020-07-03
San Diego,16166.0,387.0,468,0,2020-07-04
San Diego,16728.0,387.0,562,0,2020-07-05
San Diego,17002.0,387.0,274,0,2020-07-06
San Diego,17580.0,399.0,578,12,2020-07-07
San Diego,17844.0,406.0,264,7,2020-07-08
San Diego,18404.0,415.0,560,9,2020-07-09
San Diego,18862.0,420.0,458,5,2020-07-10
San Diego,19371.0,422.0,509,2,2020-07-11
San Diego,19929.0,422.0,558,0,2020-07-12
San Diego,20348.0,422.0,419,0,2020-07-13
San Diego,20887.0,436.0,539,14,2020-07-14
San Diego,21448.0,448.0,561,12,2020-07-15
San Diego,21857.0,465.0,409,17,2020-07-16
San Diego,22491.0,472.0,634,7,2020-07-17
Los Angeles,47.0,0.0,47,0,2020-03-18
Los Angeles,233.0,0.0,186,0,2020-03-19
Los Angeles,267.0,1.0,34,1,2020-03-20
Los Angeles,322.0,2.0,55,1,2020-03-21
Los Angeles,384.0,3.0,62,1,2020-03-22
Los Angeles,389.0,4.0,5,1,2020-03-23
Los Angeles,633.0,11.0,244,7,2020-03-24
Los Angeles,725.0,10.0,92,-1,2020-03-25
Los Angeles,1075.0,18.0,350,8,2020-03-26
Los Angeles,1474.0,26.0,399,8,2020-03-27
Los Angeles,1800.0,32.0,326,6,2020-03-28
Los Angeles,2119.0,37.0,319,5,2020-03-29
Los Angeles,2467.0,44.0,348,7,2020-03-30
Los Angeles,3001.0,53.0,534,9,2020-03-31
Los Angeles,3502.0,66.0,501,13,2020-04-01
Los Angeles,4040.0,79.0,538,13,2020-04-02
Los Angeles,4566.0,91.0,526,12,2020-04-03
Los Angeles,5275.0,117.0,709,26,2020-04-04
Los Angeles,5892.0,130.0,617,13,2020-04-05
Los Angeles,6346.0,145.0,454,15,2020-04-06
Los Angeles,6885.0,170.0,539,25,2020-04-07
Los Angeles,7505.0,196.0,620,26,2020-04-08
Los Angeles,7919.0,220.0,414,24,2020-04-09
Los Angeles,8384.0,241.0,465,21,2020-04-10
Los Angeles,8823.0,265.0,439,24,2020-04-11
Los Angeles,9133.0,296.0,310,31,2020-04-12
Los Angeles,9367.0,320.0,234,24,2020-04-13
Los Angeles,9948.0,360.0,581,40,2020-04-14
Los Angeles,10416.0,402.0,468,42,2020-04-15
Los Angeles,10786.0,455.0,370,53,2020-04-16
Los Angeles,11354.0,495.0,568,40,2020-04-17
Los Angeles,11984.0,576.0,630,81,2020-04-18
Los Angeles,12299.0,600.0,315,24,2020-04-19
Los Angeles,13787.0,617.0,1488,17,2020-04-20
Los Angeles,15096.0,663.0,1309,46,2020-04-21
Los Angeles,16400.0,729.0,1304,66,2020-04-22
Los Angeles,17548.0,797.0,1148,68,2020-04-23
Los Angeles,18553.0,848.0,1005,51,2020-04-24
Los Angeles,19144.0,895.0,591,47,2020-04-25
Los Angeles,19570.0,913.0,426,18,2020-04-26
Los Angeles,20456.0,942.0,886,29,2020-04-27
Los Angeles,21029.0,1000.0,573,58,2020-04-28
Los Angeles,22560.0,1056.0,1531,56,2020-04-29
Los Angeles,23284.0,1111.0,724,55,2020-04-30
Los Angeles,24306.0,1172.0,1022,61,2020-05-01
Los Angeles,24955.0,1209.0,649,37,2020-05-02
Los Angeles,25708.0,1229.0,753,20,2020-05-03
Los Angeles,26243.0,1256.0,535,27,2020-05-04
Los Angeles,27867.0,1313.0,1624,57,2020-05-05
Los Angeles,28687.0,1367.0,820,54,2020-05-06
Los Angeles,29544.0,1418.0,857,51,2020-05-07
Los Angeles,30357.0,1468.0,813,50,2020-05-08
Los Angeles,31268.0,1512.0,911,44,2020-05-09
Los Angeles,31711.0,1530.0,443,18,2020-05-10
Los Angeles,32279.0,1569.0,568,39,2020-05-11
Los Angeles,33281.0,1613.0,1002,44,2020-05-12
Los Angeles,34574.0,1659.0,1293,46,2020-05-13
Los Angeles,35427.0,1709.0,853,50,2020-05-14
Los Angeles,36317.0,1755.0,890,46,2020-05-15
Los Angeles,37352.0,1793.0,1035,38,2020-05-16
Los Angeles,37996.0,1821.0,644,28,2020-05-17
Los Angeles,38477.0,1839.0,481,18,2020-05-18
Los Angeles,39670.0,1913.0,1193,74,2020-05-19
Los Angeles,40932.0,1970.0,1262,57,2020-05-20
Los Angeles,42063.0,2016.0,1131,46,2020-05-21
Los Angeles,43025.0,2049.0,962,33,2020-05-22
Los Angeles,44029.0,2090.0,1004,41,2020-05-23
Los Angeles,44954.0,2104.0,925,14,2020-05-24
Los Angeles,45952.0,2116.0,998,12,2020-05-25
Los Angeles,47760.0,2143.0,1808,27,2020-05-26
Los Angeles,48711.0,2195.0,951,52,2020-05-27
Los Angeles,49861.0,2241.0,1150,46,2020-05-28
Los Angeles,51578.0,2290.0,1717,49,2020-05-29
Los Angeles,53627.0,2338.0,2049,48,2020-05-30
Los Angeles,54925.0,2362.0,1298,24,2020-05-31
Los Angeles,55899.0,2384.0,974,22,2020-06-01
Los Angeles,57144.0,2443.0,1245,59,2020-06-02
Los Angeles,58166.0,2489.0,1022,46,2020-06-03
Los Angeles,59596.0,2531.0,1430,42,2020-06-04
Los Angeles,60955.0,2565.0,1359,34,2020-06-05
Los Angeles,62269.0,2620.0,1314,55,2020-06-06
Los Angeles,63750.0,2645.0,1481,25,2020-06-07
Los Angeles,64634.0,2655.0,884,10,2020-06-08
Los Angeles,65827.0,2707.0,1193,52,2020-06-09
Los Angeles,67018.0,2768.0,1191,61,2020-06-10
Los Angeles,68807.0,2813.0,1789,45,2020-06-11
Los Angeles,70385.0,2834.0,1578,21,2020-06-12
Los Angeles,71938.0,2890.0,1553,56,2020-06-13
Los Angeles,72932.0,2907.0,994,17,2020-06-14
Los Angeles,73705.0,2926.0,773,19,2020-06-15
Los Angeles,75051.0,2959.0,1346,33,2020-06-16
Los Angeles,77166.0,2991.0,2115,32,2020-06-17
Los Angeles,78244.0,3027.0,1078,36,2020-06-18
Los Angeles,79572.0,3063.0,1328,36,2020-06-19
Los Angeles,81604.0,3110.0,2032,47,2020-06-20
Los Angeles,83383.0,3120.0,1779,10,2020-06-21
Los Angeles,85925.0,3138.0,2542,18,2020-06-22
Los Angeles,88433.0,3171.0,2508,33,2020-06-23
Los Angeles,89566.0,3205.0,1133,34,2020-06-24
Los Angeles,91524.0,3246.0,1958,41,2020-06-25
Los Angeles,93328.0,3267.0,1804,21,2020-06-26
Los Angeles,95341.0,3285.0,2013,18,2020-06-27
Los Angeles,98003.0,3305.0,2662,20,2020-06-28
Los Angeles,100846.0,3326.0,2843,21,2020-06-29
Los Angeles,103640.0,3369.0,2794,43,2020-06-30
Los Angeles,105291.0,3402.0,1651,33,2020-07-01
Los Angeles,107144.0,3454.0,1853,52,2020-07-02
Los Angeles,109879.0,3454.0,2735,0,2020-07-03
Los Angeles,113086.0,3454.0,3207,0,2020-07-04
Los Angeles,115133.0,3454.0,2047,0,2020-07-05
Los Angeles,116707.0,3534.0,1574,80,2020-07-06
Los Angeles,121026.0,3579.0,4319,45,2020-07-07
Los Angeles,123462.0,3642.0,2436,63,2020-07-08
Los Angeles,125062.0,3689.0,1600,47,2020-07-09
Los Angeles,127503.0,3738.0,2441,49,2020-07-10
Los Angeles,130479.0,3793.0,2976,55,2020-07-11
Los Angeles,133830.0,3809.0,3351,16,2020-07-12
Los Angeles,136368.0,3822.0,2538,13,2020-07-13
Los Angeles,140632.0,3894.0,4264,72,2020-07-14
Los Angeles,143343.0,3932.0,2711,38,2020-07-15
Los Angeles,147759.0,3988.0,4416,56,2020-07-16
Los Angeles,150481.0,4047.0,2722,59,2020-07-17
Riverside,11.0,2.0,11,2,2020-03-18
Riverside,14.0,3.0,3,1,2020-03-19
Riverside,19.0,3.0,5,0,2020-03-20
Riverside,20.0,3.0,1,0,2020-03-21
Riverside,26.0,5.0,6,2,2020-03-22
Riverside,39.0,5.0,13,0,2020-03-23
Riverside,56.0,5.0,17,0,2020-03-24
Riverside,87.0,5.0,31,0,2020-03-25
Riverside,118.0,7.0,31,2,2020-03-26
Riverside,121.0,7.0,3,0,2020-03-27
Riverside,121.0,7.0,0,0,2020-03-28
Riverside,122.0,7.0,1,0,2020-03-29
Riverside,204.0,7.0,82,0,2020-03-30
Riverside,284.0,8.0,80,1,2020-03-31
Riverside,306.0,11.0,22,3,2020-04-01
Riverside,438.0,13.0,132,2,2020-04-02
Riverside,540.0,14.0,102,1,2020-04-03
Riverside,652.0,15.0,112,1,2020-04-04
Riverside,669.0,17.0,17,2,2020-04-05
Riverside,854.0,17.0,185,0,2020-04-06
Riverside,905.0,25.0,51,8,2020-04-07
Riverside,974.0,28.0,69,3,2020-04-08
Riverside,1083.0,29.0,109,1,2020-04-09
Riverside,1162.0,38.0,79,9,2020-04-10
Riverside,1260.0,38.0,98,0,2020-04-11
Riverside,1330.0,39.0,70,1,2020-04-12
Riverside,1460.0,50.0,130,11,2020-04-13
Riverside,1467.0,54.0,7,4,2020-04-14
Riverside,1723.0,59.0,256,5,2020-04-15
Riverside,1913.0,65.0,190,6,2020-04-16
Riverside,2080.0,73.0,167,8,2020-04-17
Riverside,2257.0,78.0,177,5,2020-04-18
Riverside,2316.0,83.0,59,5,2020-04-19
Riverside,2477.0,89.0,161,6,2020-04-20
Riverside,2631.0,96.0,154,7,2020-04-21
Riverside,2822.0,109.0,191,13,2020-04-22
Riverside,2935.0,110.0,113,1,2020-04-23
Riverside,3044.0,118.0,109,8,2020-04-24
Riverside,3037.0,118.0,-7,0,2020-04-25
Riverside,3301.0,131.0,264,13,2020-04-26
Riverside,3381.0,138.0,80,7,2020-04-27
Riverside,3504.0,142.0,123,4,2020-04-28
Riverside,3700.0,149.0,196,7,2020-04-29
Riverside,3820.0,156.0,120,7,2020-04-30
Riverside,3893.0,167.0,73,11,2020-05-01
Riverside,3997.0,167.0,104,0,2020-05-02
Riverside,4034.0,176.0,37,9,2020-05-03
Riverside,4221.0,184.0,187,8,2020-05-04
Riverside,4309.0,190.0,88,6,2020-05-05
Riverside,4535.0,194.0,226,4,2020-05-06
Riverside,4608.0,203.0,73,9,2020-05-07
Riverside,4672.0,210.0,64,7,2020-05-08
Riverside,4871.0,212.0,199,2,2020-05-09
Riverside,4951.0,215.0,80,3,2020-05-10
Riverside,5082.0,228.0,131,13,2020-05-11
Riverside,5134.0,238.0,52,10,2020-05-12
Riverside,5204.0,246.0,70,8,2020-05-13
Riverside,5339.0,249.0,135,3,2020-05-14
Riverside,5496.0,255.0,157,6,2020-05-15
Riverside,5633.0,259.0,137,4,2020-05-16
Riverside,5776.0,263.0,143,4,2020-05-17
Riverside,5873.0,268.0,97,5,2020-05-18
Riverside,5963.0,274.0,90,6,2020-05-19
Riverside,6090.0,283.0,127,9,2020-05-20
Riverside,6245.0,289.0,155,6,2020-05-21
Riverside,6351.0,298.0,106,9,2020-05-22
Riverside,6460.0,299.0,109,1,2020-05-23
Riverside,6571.0,304.0,111,5,2020-05-24
Riverside,6900.0,309.0,329,5,2020-05-25
Riverside,6917.0,314.0,17,5,2020-05-26
Riverside,7156.0,320.0,239,6,2020-05-27
Riverside,7240.0,331.0,84,11,2020-05-28
Riverside,7376.0,339.0,136,8,2020-05-29
Riverside,7492.0,339.0,116,0,2020-05-30
Riverside,7704.0,344.0,212,5,2020-05-31
Riverside,7921.0,344.0,217,0,2020-06-01
Riverside,8091.0,344.0,170,0,2020-06-02
Riverside,8208.0,345.0,117,1,2020-06-03
Riverside,8473.0,345.0,265,0,2020-06-04
Riverside,8700.0,355.0,227,10,2020-06-05
Riverside,8935.0,355.0,235,0,2020-06-06
Riverside,9105.0,355.0,170,0,2020-06-07
Riverside,9246.0,364.0,141,9,2020-06-08
Riverside,9511.0,365.0,265,1,2020-06-09
Riverside,9857.0,380.0,346,15,2020-06-10
Riverside,10014.0,380.0,157,0,2020-06-11
Riverside,10616.0,383.0,602,3,2020-06-12
Riverside,10931.0,383.0,315,0,2020-06-13
Riverside,11218.0,383.0,287,0,2020-06-14
Riverside,11376.0,384.0,158,1,2020-06-15
Riverside,11638.0,395.0,262,11,2020-06-16
Riverside,11859.0,399.0,221,4,2020-06-17
Riverside,12410.0,408.0,551,9,2020-06-18
Riverside,12710.0,410.0,300,2,2020-06-19
Riverside,13021.0,410.0,311,0,2020-06-20
Riverside,13528.0,410.0,507,0,2020-06-21
Riverside,13948.0,424.0,420,14,2020-06-22
Riverside,14469.0,431.0,521,7,2020-06-23
Riverside,14946.0,432.0,477,1,2020-06-24
Riverside,15286.0,435.0,340,3,2020-06-25
Riverside,15955.0,438.0,669,3,2020-06-26
Riverside,16352.0,438.0,397,0,2020-06-27
Riverside,17257.0,438.0,905,0,2020-06-28
Riverside,18570.0,440.0,1313,2,2020-06-29
Riverside,19226.0,457.0,656,17,2020-06-30
Riverside,19536.0,463.0,310,6,2020-07-01
Riverside,20253.0,465.0,717,2,2020-07-02
Riverside,21171.0,479.0,918,14,2020-07-03
Riverside,21508.0,479.0,337,0,2020-07-04
Riverside,21511.0,479.0,3,0,2020-07-05
Riverside,22485.0,486.0,974,7,2020-07-06
Riverside,23279.0,506.0,794,20,2020-07-07
Riverside,24042.0,515.0,763,9,2020-07-08
Riverside,24980.0,533.0,938,18,2020-07-09
Riverside,25481.0,537.0,501,4,2020-07-10
Riverside,25994.0,537.0,513,0,2020-07-11
Riverside,26404.0,537.0,410,0,2020-07-12
Riverside,27136.0,550.0,732,13,2020-07-13
Riverside,27850.0,553.0,714,3,2020-07-14
Riverside,28492.0,577.0,642,24,2020-07-15
Riverside,28904.0,585.0,412,8,2020-07-16
Riverside,29639.0,587.0,735,2,2020-07-17
San Bernardino,3.0,0.0,3,0,2020-03-18
San Bernardino,7.0,0.0,4,0,2020-03-19
San Bernardino,9.0,0.0,2,0,2020-03-20
San Bernardino,13.0,0.0,4,0,2020-03-21
San Bernardino,16.0,0.0,3,0,2020-03-22
San Bernardino,17.0,0.0,1,0,2020-03-23
San Bernardino,27.0,0.0,10,0,2020-03-24
San Bernardino,46.0,1.0,19,1,2020-03-25
San Bernardino,57.0,1.0,11,0,2020-03-26
San Bernardino,77.0,2.0,20,1,2020-03-27
San Bernardino,81.0,2.0,4,0,2020-03-28
San Bernardino,94.0,2.0,13,0,2020-03-29
San Bernardino,145.0,4.0,51,2,2020-03-30
San Bernardino,193.0,5.0,48,1,2020-03-31
San Bernardino,245.0,5.0,52,0,2020-04-01
San Bernardino,335.0,8.0,90,3,2020-04-02
San Bernardino,356.0,11.0,21,3,2020-04-03
San Bernardino,373.0,13.0,17,2,2020-04-04
San Bernardino,375.0,13.0,2,0,2020-04-05
San Bernardino,550.0,13.0,175,0,2020-04-06
San Bernardino,554.0,18.0,4,5,2020-04-07
San Bernardino,635.0,22.0,81,4,2020-04-08
San Bernardino,717.0,27.0,82,5,2020-04-09
San Bernardino,779.0,24.0,62,-3,2020-04-10
San Bernardino,826.0,28.0,47,4,2020-04-11
San Bernardino,827.0,30.0,1,2,2020-04-12
San Bernardino,925.0,31.0,98,1,2020-04-13
San Bernardino,933.0,31.0,8,0,2020-04-14
San Bernardino,1063.0,37.0,130,6,2020-04-15
San Bernardino,1143.0,39.0,80,2,2020-04-16
San Bernardino,1229.0,55.0,86,16,2020-04-17
San Bernardino,1255.0,57.0,26,2,2020-04-18
San Bernardino,1262.0,58.0,7,1,2020-04-19
San Bernardino,1344.0,60.0,82,2,2020-04-20
San Bernardino,1499.0,67.0,155,7,2020-04-21
San Bernardino,1564.0,72.0,65,5,2020-04-22
San Bernardino,1604.0,77.0,40,5,2020-04-23
San Bernardino,1667.0,80.0,63,3,2020-04-24
San Bernardino,1675.0,82.0,8,2,2020-04-25
San Bernardino,1681.0,82.0,6,0,2020-04-26
San Bernardino,1742.0,82.0,61,0,2020-04-27
San Bernardino,1891.0,85.0,149,3,2020-04-28
San Bernardino,1975.0,91.0,84,6,2020-04-29
San Bernardino,2020.0,96.0,45,5,2020-04-30
San Bernardino,2084.0,98.0,64,2,2020-05-01
San Bernardino,2124.0,99.0,40,1,2020-05-02
San Bernardino,2123.0,99.0,-1,0,2020-05-03
San Bernardino,2184.0,99.0,61,0,2020-05-04
San Bernardino,2345.0,101.0,161,2,2020-05-05
San Bernardino,2426.0,104.0,81,3,2020-05-06
San Bernardino,2522.0,110.0,96,6,2020-05-07
San Bernardino,2631.0,119.0,109,9,2020-05-08
San Bernardino,2825.0,121.0,194,2,2020-05-09
San Bernardino,2910.0,121.0,85,0,2020-05-10
San Bernardino,2945.0,121.0,35,0,2020-05-11
San Bernardino,2997.0,124.0,52,3,2020-05-12
San Bernardino,3064.0,138.0,67,14,2020-05-13
San Bernardino,3149.0,140.0,85,2,2020-05-14
San Bernardino,3225.0,150.0,76,10,2020-05-15
San Bernardino,3362.0,155.0,137,5,2020-05-16
San Bernardino,3467.0,155.0,105,0,2020-05-17
San Bernardino,3558.0,155.0,91,0,2020-05-18
San Bernardino,3656.0,157.0,98,2,2020-05-19
San Bernardino,3771.0,158.0,115,1,2020-05-20
San Bernardino,3950.0,164.0,179,6,2020-05-21
San Bernardino,4107.0,173.0,157,9,2020-05-22
San Bernardino,4172.0,176.0,65,3,2020-05-23
San Bernardino,4262.0,176.0,90,0,2020-05-24
San Bernardino,4393.0,176.0,131,0,2020-05-25
San Bernardino,4430.0,176.0,37,0,2020-05-26
San Bernardino,4708.0,183.0,278,7,2020-05-27
San Bernardino,4831.0,190.0,123,7,2020-05-28
San Bernardino,4983.0,199.0,152,9,2020-05-29
San Bernardino,5122.0,204.0,139,5,2020-05-30
San Bernardino,5185.0,204.0,63,0,2020-05-31
San Bernardino,5310.0,204.0,125,0,2020-06-01
San Bernardino,5438.0,208.0,128,4,2020-06-02
San Bernardino,5565.0,209.0,127,1,2020-06-03
San Bernardino,5726.0,210.0,161,1,2020-06-04
San Bernardino,5869.0,217.0,143,7,2020-06-05
San Bernardino,5946.0,224.0,77,7,2020-06-06
San Bernardino,6033.0,224.0,87,0,2020-06-07
San Bernardino,6122.0,224.0,89,0,2020-06-08
San Bernardino,6268.0,224.0,146,0,2020-06-09
San Bernardino,6438.0,225.0,170,1,2020-06-10
San Bernardino,6509.0,227.0,71,2,2020-06-11
San Bernardino,6707.0,229.0,198,2,2020-06-12
San Bernardino,6885.0,229.0,178,0,2020-06-13
San Bernardino,7015.0,229.0,130,0,2020-06-14
San Bernardino,7189.0,229.0,174,0,2020-06-15
San Bernardino,7463.0,229.0,274,0,2020-06-16
San Bernardino,7670.0,229.0,207,0,2020-06-17
San Bernardino,8141.0,230.0,471,1,2020-06-18
San Bernardino,8454.0,230.0,313,0,2020-06-19
San Bernardino,8718.0,233.0,264,3,2020-06-20
San Bernardino,8925.0,233.0,207,0,2020-06-21
San Bernardino,9133.0,234.0,208,1,2020-06-22
San Bernardino,9771.0,234.0,638,0,2020-06-23
San Bernardino,10211.0,245.0,440,11,2020-06-24
San Bernardino,10617.0,249.0,406,4,2020-06-25
San Bernardino,11162.0,249.0,545,0,2020-06-26
San Bernardino,11576.0,249.0,414,0,2020-06-27
San Bernardino,11608.0,249.0,32,0,2020-06-28
San Bernardino,12191.0,249.0,583,0,2020-06-29
San Bernardino,12593.0,253.0,402,4,2020-06-30
San Bernardino,13036.0,258.0,443,5,2020-07-01
San Bernardino,13185.0,265.0,149,7,2020-07-02
San Bernardino,14040.0,269.0,855,4,2020-07-03
San Bernardino,14636.0,269.0,596,0,2020-07-04
San Bernardino,15026.0,269.0,390,0,2020-07-05
San Bernardino,15346.0,269.0,320,0,2020-07-06
San Bernardino,16004.0,272.0,658,3,2020-07-07
San Bernardino,16510.0,293.0,506,21,2020-07-08
San Bernardino,17339.0,304.0,829,11,2020-07-09
San Bernardino,18242.0,304.0,903,0,2020-07-10
San Bernardino,18907.0,304.0,665,0,2020-07-11
San Bernardino,19042.0,306.0,135,2,2020-07-12
San Bernardino,19610.0,307.0,568,1,2020-07-13
San Bernardino,20489.0,309.0,879,2,2020-07-14
San Bernardino,21508.0,310.0,1019,1,2020-07-15
San Bernardino,22355.0,310.0,847,0,2020-07-16
San Bernardino,23057.0,315.0,702,5,2020-07-17

